"","Nome","Sexo"
"1","Adalberto",NA
"2","Adalgisa",NA
"3","Adan",NA
"4","Ademir",NA
"5","Adlya",NA
"6","Admilson",NA
"7","Adolpho",NA
"8","Adrhyann",NA
"9","Adrian",NA
"10","Adriana",NA
"11","Adriane",NA
"12","Adrianne",NA
"13","Adriano",NA
"14","Adriel",NA
"15","Adulai",NA
"16","Afonso",NA
"17","Agnes",NA
"18","Ailton",NA
"19","Airton",NA
"20","Akemy",NA
"21","Alan",NA
"22","Alana",NA
"23","Alcides",NA
"24","Aldo",NA
"25","Alecssander",NA
"26","Alef",NA
"27","Alessandra",NA
"28","Alessandro",NA
"29","Alexander",NA
"30","Alexandra",NA
"31","Alexandre",NA
"32","Alexia",NA
"33","Alexsander",NA
"34","Alexsandro",NA
"35","Alice",NA
"36","Aline",NA
"37","Alison",NA
"38","Alissa",NA
"39","Alisson",NA
"40","Allan",NA
"41","Almir",NA
"42","Álvaro",NA
"43","Alyne",NA
"44","Alyson",NA
"45","Amanda",NA
"46","Amauri",NA
"47","Amaury",NA
"48","Amélia",NA
"49","Américo",NA
"50","Ana",NA
"51","Analice",NA
"52","Analuz",NA
"53","Ananda",NA
"54","Anatalia",NA
"55","Anderson",NA
"56","Andre",NA
"57","André",NA
"58","Andrea",NA
"59","Andréa",NA
"60","Andreia",NA
"61","Andres",NA
"62","Andressa",NA
"63","Andrey",NA
"64","Andriele",NA
"65","Angel",NA
"66","Angela",NA
"67","Angelica",NA
"68","Angêlica",NA
"69","Ângelo",NA
"70","Anieli",NA
"71","Anna",NA
"72","Anne",NA
"73","Annie",NA
"74","Anny",NA
"75","Antero",NA
"76","Anthony",NA
"77","Antonia",NA
"78","Antonio",NA
"79","Antônio",NA
"80","Apollo",NA
"81","Aquila",NA
"82","Ariana",NA
"83","Ariane",NA
"84","Ariel",NA
"85","Ariele",NA
"86","Ariely",NA
"87","Arlene",NA
"88","Arlindo",NA
"89","Arnaldo",NA
"90","Arnol",NA
"91","arthur",NA
"92","Arthur",NA
"93","Aryel",NA
"94","Augusto",NA
"95","Aurora",NA
"96","Babajide",NA
"97","Barbara",NA
"98","Bárbara",NA
"99","Beatriz",NA
"100","Belita",NA
"101","Bernard",NA
"102","Bernardo",NA
"103","Bethânia",NA
"104","Betina",NA
"105","Bianca",NA
"106","Brenda",NA
"107","Brennda",NA
"108","Breno",NA
"109","Brian",NA
"110","Brodsky",NA
"111","Bruna",NA
"112","Bruniela",NA
"113","Brunna",NA
"114","Bruno",NA
"115","Bryan",NA
"116","Caio",NA
"117","Camila",NA
"118","Camilla",NA
"119","Camille",NA
"120","Camilly",NA
"121","Carine",NA
"122","Carísi",NA
"123","Carla",NA
"124","Carlos",NA
"125","Carlucio",NA
"126","Carmem",NA
"127","Carmen",NA
"128","Carolayne",NA
"129","Carolina",NA
"130","Caroline",NA
"131","Cássia",NA
"132","Cassiano",NA
"133","Cassio",NA
"134","CASSIO",NA
"135","Cássio",NA
"136","Catharina",NA
"137","Cathia",NA
"138","Cátia",NA
"139","Catiuscia",NA
"140","Cauã",NA
"141","Cauê",NA
"142","Cecília",NA
"143","Cecillia",NA
"144","Celi",NA
"145","Celia",NA
"146","Celio",NA
"147","Celly",NA
"148","Cesar",NA
"149","César",NA
"150","Charbel",NA
"151","Cheila",NA
"152","Chiara",NA
"153","Christian",NA
"154","Cimélio",NA
"155","Cintia",NA
"156","Ciro",NA
"157","Clara",NA
"158","Clares",NA
"159","Clarissa",NA
"160","Claudia",NA
"161","Cláudia",NA
"162","Claudiane",NA
"163","Claudivan",NA
"164","Cleitianne",NA
"165","Cleiton",NA
"166","Clélia",NA
"167","Cleófita",NA
"168","Cleonice",NA
"169","Cleyton",NA
"170","Clidia",NA
"171","Cochiran",NA
"172","Crésio",NA
"173","Cristhian",NA
"174","Cristhianne",NA
"175","Cristian",NA
"176","Cristiane",NA
"177","Cristiano",NA
"178","Cristina",NA
"179","Cynthia",NA
"180","Dáfne",NA
"181","Daiana",NA
"182","Daiane",NA
"183","Dalila",NA
"184","Damarys",NA
"185","Dâmarys",NA
"186","Damny",NA
"187","Daniel",NA
"188","Daniela",NA
"189","Daniele",NA
"190","Danieli",NA
"191","Daniell",NA
"192","Daniella",NA
"193","Danielle",NA
"194","Danielly",NA
"195","Danilo",NA
"196","Danúbia",NA
"197","Dany",NA
"198","Daphine",NA
"199","Daphiny",NA
"200","Darllyson",NA
"201","Davi",NA
"202","David",NA
"203","Davyston",NA
"204","Dayana",NA
"205","Daynah",NA
"206","Dayse",NA
"207","Debir",NA
"208","Debora",NA
"209","Débora",NA
"210","Deborah",NA
"211","Deibriane",NA
"212","Deise",NA
"213","Deisy",NA
"214","Delne",NA
"215","Denise",NA
"216","Denisse",NA
"217","Denizard",NA
"218","DÉRIK",NA
"219","Dhérllyson",NA
"220","Dhulya",NA
"221","Diana",NA
"222","Diane",NA
"223","Dianne",NA
"224","Diego",NA
"225","Diêgo",NA
"226","Dilson",NA
"227","Dimas",NA
"228","Diogo",NA
"229","Dionisio",NA
"230","Dirce",NA
"231","Douglas",NA
"232","Dourival",NA
"233","Edgar",NA
"234","Edilane",NA
"235","Ediléia",NA
"236","Edilson",NA
"237","Edineusa",NA
"238","Edmarcia",NA
"239","Edson",NA
"240","Eduarda",NA
"241","Eduardo",NA
"242","Edvaldo",NA
"243","Edvani",NA
"244","Elaine",NA
"245","Elayne",NA
"246","Elen",NA
"247","Eleonora",NA
"248","Eliana",NA
"249","Eliane",NA
"250","Elibio",NA
"251","Eliel",NA
"252","Eliene",NA
"253","Eliphas",NA
"254","Elis",NA
"255","Elisa",NA
"256","Elisete",NA
"257","Elizabeth",NA
"258","Elizandra",NA
"259","Ellen",NA
"260","Eloir",NA
"261","Elsa",NA
"262","Elton",NA
"263","Emanuel",NA
"264","Emanuela",NA
"265","Emanuella",NA
"266","Emanuelle",NA
"267","Emelly",NA
"268","Emerson",NA
"269","Emilly",NA
"270","Emily",NA
"271","Enatielly",NA
"272","Ennio",NA
"273","Enzo",NA
"274","Érica",NA
"275","Erick",NA
"276","Érico",NA
"277","Érika",NA
"278","Erivelton",NA
"279","Erna",NA
"280","Estela",NA
"281","Esther",NA
"282","Ethiane",NA
"283","Ethyellen",NA
"284","Eudenia",NA
"285","Eugenio",NA
"286","Eula",NA
"287","Euller",NA
"288","Euripedes",NA
"289","Eva",NA
"290","Evaldo",NA
"291","Evandro",NA
"292","Evelin",NA
"293","Evellyn",NA
"294","Everaldo",NA
"295","Everton",NA
"296","Evilyn",NA
"297","Fabiana",NA
"298","Fabiane",NA
"299","Fabielle",NA
"300","Fabio",NA
"301","Fábio",NA
"302","Fabíola",NA
"303","Fabiula",NA
"304","Fabricio",NA
"305","Fabrício",NA
"306","Fagner",NA
"307","Farid",NA
"308","Fatima",NA
"309","Faustino",NA
"310","Felipe",NA
"311","Fellipe",NA
"312","Fernanda",NA
"313","Fernando",NA
"314","Filipe",NA
"315","Flavia",NA
"316","Flávia",NA
"317","Flavio",NA
"318","Flora",NA
"319","Floriatan",NA
"320","Francesca",NA
"321","Francesco",NA
"322","Franciel",NA
"323","Franciele",NA
"324","Franciene",NA
"325","Francisca",NA
"326","Francisco",NA
"327","Franklin",NA
"328","Frederico",NA
"329","Gabriel",NA
"330","Gabriela",NA
"331","Gabriele",NA
"332","Gabrieli",NA
"333","Gabriella",NA
"334","Gabrielle",NA
"335","Gabryelle",NA
"336","Gael",NA
"337","Gaibel",NA
"338","Gaspar",NA
"339","Gáveni",NA
"340","Geovana",NA
"341","Geovanna",NA
"342","Geraldo",NA
"343","Germán",NA
"344","Germana",NA
"345","Gessenildo",NA
"346","Gianluca",NA
"347","Gibson",NA
"348","Gideão",NA
"349","Gilberto",NA
"350","Gildriane",NA
"351","Gilmário",NA
"352","Gilneia",NA
"353","Gilvanio",NA
"354","Giordano",NA
"355","Giovana",NA
"356","Giovanna",NA
"357","Giovanni",NA
"358","Gisele",NA
"359","Gisely",NA
"360","Giulia",NA
"361","Giuliana",NA
"362","Giuliano",NA
"363","Giulliene",NA
"364","Gizelda",NA
"365","Gizelio",NA
"366","Glácia",NA
"367","Gleiciane",NA
"368","Glenda",NA
"369","Gleydson",NA
"370","Graciélia",NA
"371","Graziela",NA
"372","Graziele",NA
"373","Gregório",NA
"374","Guacira",NA
"375","Guadalupe",NA
"376","Guarino",NA
"377","Guilherme",NA
"378","Gustavo",NA
"379","Habila",NA
"380","Hallana",NA
"381","Hamilton",NA
"382","Hannah",NA
"383","Haroldo",NA
"384","Hattos",NA
"385","Haylana",NA
"386","Heitor",NA
"387","Helen",NA
"388","Helena",NA
"389","Heleno",NA
"390","Hellen",NA
"391","Hellyda",NA
"392","Heloisa",NA
"393","Henara",NA
"394","Henédio",NA
"395","Henrico",NA
"396","Henrique",NA
"397","Herbert",NA
"398","Hermes",NA
"399","Hernandes",NA
"400","Heryk",NA
"401","Higor",NA
"402","Hugo",NA
"403","Humberto",NA
"404","Hyuan",NA
"405","Iago",NA
"406","Ian",NA
"407","Iana",NA
"408","Ianca",NA
"409","Iara",NA
"410","Iasmim",NA
"411","Iasminne",NA
"412","Ícaro",NA
"413","Ida",NA
"414","Idayana",NA
"415","Ifé",NA
"416","Ignacio",NA
"417","Igor",NA
"418","Ilca",NA
"419","Ilma",NA
"420","Ima",NA
"421","Inamara",NA
"422","Inara",NA
"423","Indra",NA
"424","Ingrid",NA
"425","Ione",NA
"426","Írys",NA
"427","Isaac",NA
"428","Isabel",NA
"429","Isabela",NA
"430","Isabele",NA
"431","Isabella",NA
"432","Isabelle",NA
"433","Isabelli",NA
"434","Isac",NA
"435","Isadora",NA
"436","Israela",NA
"437","Israella",NA
"438","Italo",NA
"439","Ítalo",NA
"440","Ítana",NA
"441","Iuri",NA
"442","Ivan",NA
"443","Ivandro",NA
"444","Ivaneide",NA
"445","Izabela",NA
"446","Izabella",NA
"447","Izabelle",NA
"448","Izabelly",NA
"449","Jabson",NA
"450","Jaciany",NA
"451","Jacob",NA
"452","Jacobus",NA
"453","Jader",NA
"454","Jailson",NA
"455","Jaime",NA
"456","Jainara",NA
"457","James",NA
"458","Janaina",NA
"459","Jaqueline",NA
"460","Jason",NA
"461","Javiera",NA
"462","Jean",NA
"463","Jeandria",NA
"464","Jeferson",NA
"465","Jefferson",NA
"466","Jéfyne",NA
"467","Jeisiane",NA
"468","Jeissica",NA
"469","Jenifer",NA
"470","Jeniffer",NA
"471","Jerson",NA
"472","Jessica",NA
"473","Jéssica",NA
"474","Jéssika",NA
"475","Jhonathan",NA
"476","Jhonatta",NA
"477","Jhonny",NA
"478","Jianne",NA
"479","Joana",NA
"480","Joanito",NA
"481","Joanna",NA
"482","Joao",NA
"483","João",NA
"484","Joel",NA
"485","Joelen",NA
"486","JOHANNES",NA
"487","John",NA
"488","Johnes",NA
"489","Johnny",NA
"490","Johnys",NA
"491","Joice",NA
"492","Jonas",NA
"493","Jonatan",NA
"494","Jonatas",NA
"495","Jordana",NA
"496","Jordanna",NA
"497","Jorge",NA
"498","Jose",NA
"499","José",NA
"500","Josefa",NA
"501","Joselaine",NA
"502","Josevane",NA
"503","Josiane",NA
"504","Josiara",NA
"505","Josué",NA
"506","Joyce",NA
"507","Juan",NA
"508","Juli",NA
"509","Julia",NA
"510","Júlia",NA
"511","Julian",NA
"512","Juliana",NA
"513","Juliane",NA
"514","Julianna",NA
"515","Juliano",NA
"516","Julie",NA
"517","Julio",NA
"518","Júlio",NA
"519","Júnio",NA
"520","Jussara",NA
"521","Kaique",NA
"522","Kaleb",NA
"523","Kalianna",NA
"524","Kamila",NA
"525","Kamilla",NA
"526","Kamilly",NA
"527","Karen",NA
"528","Karina",NA
"529","Karinne",NA
"530","Karla",NA
"531","Karolina",NA
"532","Kassia",NA
"533","Kássia",NA
"534","Katharine",NA
"535","Káthia",NA
"536","Katia",NA
"537","Kátia",NA
"538","Kauã",NA
"539","Kauan",NA
"540","Kauane",NA
"541","Kayla",NA
"542","Keila",NA
"543","Kellen",NA
"544","Kelli",NA
"545","Kelly",NA
"546","Kellyane",NA
"547","Kelvin",NA
"548","Kelvyn",NA
"549","Kemilly",NA
"550","Kenny",NA
"551","Ketlen",NA
"552","Ketolly",NA
"553","Kevin",NA
"554","Keyla",NA
"555","Kleber",NA
"556","Konstantin",NA
"557","Kristiane",NA
"558","Kyo",NA
"559","Lairyne",NA
"560","Lais",NA
"561","Laís",NA
"562","Laísa",NA
"563","Laiza",NA
"564","Lamartine",NA
"565","Lana",NA
"566","Lara",NA
"567","Larissa",NA
"568","Lauana",NA
"569","Lauane",NA
"570","Laura",NA
"571","Lauren",NA
"572","Lauri",NA
"573","Lauro",NA
"574","Layra",NA
"575","Laysla",NA
"576","Layzaa",NA
"577","Layzon",NA
"578","Leanderson",NA
"579","Leandro",NA
"580","Leidy",NA
"581","Lenon",NA
"582","Leonam",NA
"583","Leonardo",NA
"584","Leonir",NA
"585","Leonn",NA
"586","Leonor",NA
"587","Lethicia",NA
"588","Leticia",NA
"589","Letícia",NA
"590","Levi",NA
"591","Lia",NA
"592","Lialis",NA
"593","Liana",NA
"594","Libna",NA
"595","Lidia",NA
"596","Lídia",NA
"597","Lidiane",NA
"598","Lígia",NA
"599","Lilian",NA
"600","Liliane",NA
"601","Lillian",NA
"602","Lina",NA
"603","Lincon",NA
"604","Lisa",NA
"605","Livia",NA
"606","Lívia",NA
"607","Lorena",NA
"608","Lorenna",NA
"609","Lorenzo",NA
"610","Louise",NA
"611","Lourenço",NA
"612","Lua",NA
"613","Luã",NA
"614","Luan",NA
"615","Luana",NA
"616","Luane",NA
"617","Luanna",NA
"618","Lucas",NA
"619","Lucca",NA
"620","Luccas",NA
"621","Luciana",NA
"622","Luciano",NA
"623","Luciene",NA
"624","Ludmila",NA
"625","Ludmilla",NA
"626","Luigi",NA
"627","Luis",NA
"628","Luís",NA
"629","Luisa",NA
"630","Luísa",NA
"631","Luiz",NA
"632","Luiza",NA
"633","Luíza",NA
"634","Lukas",NA
"635","Lyzandra",NA
"636","Mabily",NA
"637","Madiel",NA
"638","Magali",NA
"639","Magaly",NA
"640","Magda",NA
"641","Magna",NA
"642","Mahmoud",NA
"643","Maiara",NA
"644","Maickel",NA
"645","Maike",NA
"646","Maikel",NA
"647","Mailson",NA
"648","Maíra",NA
"649","Maisa",NA
"650","Maísa",NA
"651","Maitê",NA
"652","Malena",NA
"653","Manoel",NA
"654","Manoela",NA
"655","Manoely",NA
"656","Manuela",NA
"657","Mara",NA
"658","Marcel",NA
"659","Marcela",NA
"660","Marcella",NA
"661","Marcelo",NA
"662","Marcia",NA
"663","Márcia",NA
"664","Marcio",NA
"665","Márcio",NA
"666","Marco",NA
"667","Marcos",NA
"668","Marcus",NA
"669","Marek",NA
"670","Maria",NA
"671","Mariah",NA
"672","Mariana",NA
"673","Mariane",NA
"674","Mariangela",NA
"675","Marilia",NA
"676","Marília",NA
"677","Marimelia",NA
"678","Marina",NA
"679","Marinês",NA
"680","Mario",NA
"681","Mário",NA
"682","Marize",NA
"683","Marlene",NA
"684","Marlon",NA
"685","Marluce",NA
"686","Marta",NA
"687","Marthin",NA
"688","Martim",NA
"689","Mateus",NA
"690","Matheus",NA
"691","Mauricio",NA
"692","Maurício",NA
"693","Maurílio",NA
"694","Mauro",NA
"695","Max",NA
"696","Mayana",NA
"697","Mayara",NA
"698","Maycon",NA
"699","Mayk",NA
"700","Maynara",NA
"701","Mayra",NA
"702","Maysa",NA
"703","Melissa",NA
"704","Menderson",NA
"705","Meriane",NA
"706","Michaela",NA
"707","Michel",NA
"708","Michele",NA
"709","Michelle",NA
"710","Miguel",NA
"711","Milena",NA
"712","Milleny",NA
"713","Milton",NA
"714","Mirella",NA
"715","Miriam",NA
"716","Mirian",NA
"717","Mírian",NA
"718","Mirilene",NA
"719","Mirlene",NA
"720","Moises",NA
"721","Moisés",NA
"722","Monica",NA
"723","Mônica",NA
"724","Morgana",NA
"725","Morgani",NA
"726","Muhammad",NA
"727","Muri",NA
"728","Murilo",NA
"729","Murugan",NA
"730","Mylena",NA
"731","Nadson",NA
"732","Naiara",NA
"733","Naiélly",NA
"734","Naiza",NA
"735","Narendra",NA
"736","Natali",NA
"737","Nátali",NA
"738","Natalia",NA
"739","Natália",NA
"740","Natalie",NA
"741","Natan",NA
"742","Natasha",NA
"743","Nathalia",NA
"744","Nathália",NA
"745","Nathalie",NA
"746","Nathaly",NA
"747","Nathane",NA
"748","Nathielly",NA
"749","Natsumi",NA
"750","Nayara",NA
"751","Nayna",NA
"752","Nayore",NA
"753","Nelson",NA
"754","Nelvictor",NA
"755","Nicholas",NA
"756","Nichollas",NA
"757","Nickole",NA
"758","Nicole",NA
"759","Nicolly",NA
"760","Nilcéia",NA
"761","Nilseia",NA
"762","Nina",NA
"763","Niro",NA
"764","Nycoli",NA
"765","Ocelia",NA
"766","Octavio",NA
"767","Olindo",NA
"768","Orlando",NA
"769","Oscar",NA
"770","Osmar",NA
"771","Osmara",NA
"772","Osvaldo",NA
"773","Otávio",NA
"774","Pablo",NA
"775","Paloma",NA
"776","Pâmela",NA
"777","Paolo",NA
"778","Patricia",NA
"779","Patrícia",NA
"780","Patrik",NA
"781","Paula",NA
"782","Paulo",NA
"783","Pedro",NA
"784","Philip",NA
"785","Pierre",NA
"786","Pietra",NA
"787","Pietro",NA
"788","Poli",NA
"789","Poliana",NA
"790","Pollyane",NA
"791","Pollyanne",NA
"792","Priscila",NA
"793","Queila",NA
"794","Rafa",NA
"795","Rafael",NA
"796","Rafaela",NA
"797","Rafaella",NA
"798","Rafaelle",NA
"799","Rahí",NA
"800","Raianne",NA
"801","Raimundo",NA
"802","Raíra",NA
"803","Raire",NA
"804","Raisa",NA
"805","Raissa",NA
"806","Ralyson",NA
"807","Ramiro",NA
"808","Ramon",NA
"809","Raphael",NA
"810","Raquel",NA
"811","Raul",NA
"812","Ravena",NA
"813","Ravi",NA
"814","Rayane",NA
"815","Rayanne",NA
"816","Raylan",NA
"817","Raylton",NA
"818","Rebeca",NA
"819","Rebeka",NA
"820","Reginaldo",NA
"821","Reinhardt",NA
"822","Rejane",NA
"823","Renally",NA
"824","Renan",NA
"825","Renata",NA
"826","Renato",NA
"827","Rene",NA
"828","Reynerth",NA
"829","Rhayan",NA
"830","Rhenara",NA
"831","Ricardo",NA
"832","Richard",NA
"833","Rinaldo",NA
"834","Roberta",NA
"835","Roberth",NA
"836","Roberto",NA
"837","Robson",NA
"838","Rocelly",NA
"839","Rochel",NA
"840","Rodinei",NA
"841","Rodolpho",NA
"842","Rodrigo",NA
"843","Rogério",NA
"844","Romero",NA
"845","Rommel",NA
"846","Rômulo",NA
"847","Ronald",NA
"848","Ronaldo",NA
"849","Roney",NA
"850","Roosevelt",NA
"851","Rosalina",NA
"852","Rosangela",NA
"853","Rosanna",NA
"854","Roseane",NA
"855","Roseli",NA
"856","Rosires",NA
"857","Roxiris",NA
"858","Ruan",NA
"859","Rúbia",NA
"860","Ruy",NA
"861","Sabrina",NA
"862","sabryna",NA
"863","Sabrynna",NA
"864","Sakaneno",NA
"865","Samantha",NA
"866","Sâmia",NA
"867","Samira",NA
"868","Samlai",NA
"869","Samuel",NA
"870","Sâmya",NA
"871","Sandra",NA
"872","Sara",NA
"873","Sarah",NA
"874","Sarita",NA
"875","Saul",NA
"876","Savanah",NA
"877","Sávyo",NA
"878","Scheila",NA
"879","Scheilla",NA
"880","Sebastiao",NA
"881","Sergio",NA
"882","Sérgio",NA
"883","Sharon",NA
"884","Shayene",NA
"885","Sheheryar",NA
"886","Sheila",NA
"887","Sheliran",NA
"888","Shuai",NA
"889","Silas",NA
"890","Silvia",NA
"891","Sílvia",NA
"892","Simon",NA
"893","Simone",NA
"894","Sofia",NA
"895","Sol",NA
"896","Sonia",NA
"897","Sophia",NA
"898","Sóstenes",NA
"899","Stefanne",NA
"900","Stefanny",NA
"901","Stefano",NA
"902","Stefany",NA
"903","Steffany",NA
"904","Stefhany",NA
"905","Stephan",NA
"906","Stephanie",NA
"907","Stephany",NA
"908","Steven",NA
"909","Sthephanie",NA
"910","Suelen",NA
"911","Suellen",NA
"912","Suzana",NA
"913","Suzany",NA
"914","Suzian",NA
"915","Syndel",NA
"916","Tainã",NA
"917","Tainan",NA
"918","Taís",NA
"919","Taiza",NA
"920","Takeshi",NA
"921","Talita",NA
"922","Tallyson",NA
"923","Talyta",NA
"924","Tamayo",NA
"925","Tamirez",NA
"926","Tania",NA
"927","Tarsiellem",NA
"928","Tatiana",NA
"929","Tatiane",NA
"930","Tatianne",NA
"931","Tátila",NA
"932","Tayanara",NA
"933","Tayná",NA
"934","Teogenes",NA
"935","Teresa",NA
"936","Thais",NA
"937","Thaís",NA
"938","Thales",NA
"939","Thalia",NA
"940","Thalita",NA
"941","Thallyson",NA
"942","Thalya",NA
"943","Tharciana",NA
"944","Thayane",NA
"945","Thayla",NA
"946","Thays",NA
"947","Theo",NA
"948","Thereza",NA
"949","Thiago",NA
"950","Thizzah",NA
"951","Thotmes",NA
"952","Thuanny",NA
"953","Thyago",NA
"954","Tiago",NA
"955","Tuíla",NA
"956","Túlio",NA
"957","Uécson",NA
"958","Uilton",NA
"959","Ulisses",NA
"960","Uri",NA
"961","Useche",NA
"962","Valcimar",NA
"963","Valdeir",NA
"964","Valder",NA
"965","Valderez",NA
"966","Valentine",NA
"967","Valéria",NA
"968","Valterney",NA
"969","Vandeclei",NA
"970","Vanderlan",NA
"971","Vanderlei",NA
"972","Vanderley",NA
"973","Vanessa",NA
"974","Vania",NA
"975","Vanrochris",NA
"976","Vera",NA
"977","Veracilda",NA
"978","Verônica",NA
"979","Victor",NA
"980","Víctor",NA
"981","Victória",NA
"982","Vinicius",NA
"983","Vinícius",NA
"984","Vinnie",NA
"985","Virgínia",NA
"986","Vitaliano",NA
"987","Vitor",NA
"988","Vítor",NA
"989","Vitoria",NA
"990","Vitória",NA
"991","Vittorio",NA
"992","Vivian",NA
"993","Viviane",NA
"994","Wagner",NA
"995","Walace",NA
"996","Walison",NA
"997","Walkyria",NA
"998","Wallyson",NA
"999","Walmar",NA
"1000","Wandra",NA
"1001","Waneicy",NA
"1002","Welder",NA
"1003","Wellinson",NA
"1004","Welma",NA
"1005","Wemilly",NA
"1006","Wenddy",NA
"1007","Wendew",NA
"1008","Wesley",NA
"1009","weslley",NA
"1010","Weslley",NA
"1011","Wesly",NA
"1012","Wigis",NA
"1013","Wilcilene",NA
"1014","Wilian",NA
"1015","Willame",NA
"1016","William",NA
"1017","Willian",NA
"1018","Willy",NA
"1019","Wilson",NA
"1020","Wiviane",NA
"1021","Ximena",NA
"1022","Yan",NA
"1023","Yana",NA
"1024","Yara",NA
"1025","Yasmim",NA
"1026","Yasmin",NA
"1027","Yasser",NA
"1028","Yehudi",NA
"1029","Ykaro",NA
"1030","Yolanda",NA
"1031","Yrlla",NA
"1032","Yuri",NA
"1033","Zack",NA
"1034","Zizele",NA
