Nome;Sexo
Adalberto;M
Adalgisa;F
Adan;M
Ademir;M
Adlya;F
Admilson;M
Adolpho;M
Adrhyann;M
Adrian;M
Adriana;F
Adriane;F
Adrianne;F
Adriano;M
Adriel;M
Adulai;M
Afonso;M
Agnes;F
Ailton;M
Airton;M
Akemy;F
Alan;M
Alana;F
Alcides;M
Aldo;M
Alecssander;M
Alef;M
Alessandra;F
Alessandro;M
Alexander;M
Alexandra;F
Alexandre;M
Alexia;F
Alexsander;M
Alexsandro;M
Alice;F
Aline;F
Alison;M
Alissa;F
Alisson;F
Allan;M
Almir;M
Álvaro;M
Alyne;F
Alyson;M
Amanda;F
Amauri;M
Amaury;M
Amélia;F
Américo;M
Ana;F
Analice;F
Analuz;F
Ananda;F
Anatalia;F
Anderson;M
Andre;M
André;M
Andrea;F
Andréa;F
Andreia;F
Andres;M
Andressa;F
Andrey;M
Andriele;F
Angel;F
Angela;F
Angelica;F
Angêlica;F
Ângelo;M
Anieli;F
Anna;F
Anne;F
Annie;F
Anny;F
Antero;M
Anthony;M
Antonia;F
Antonio;M
Antônio;M
Apollo;M
Aquila;M
Ariana;F
Ariane;F
Ariel;F
Ariele;F
Ariely;F
Arlene;F
Arlindo;M
Arnaldo;M
Arnol;M
arthur;M
Arthur;M
Aryel;F
Augusto;M
Aurora;F
Babajide;M
Barbara;F
Bárbara;F
Beatriz;F
Belita;F
Bernard;M
Bernardo;M
Bethânia;F
Betina;F
Bianca;F
Brenda;F
Brennda;F
Breno;M
Brian;M
Brodsky;M
Bruna;F
Bruniela;F
Brunna;F
Bruno;M
Bryan;M
Caio;M
Camila;F
Camilla;F
Camille;F
Camilly;F
Carine;F
Carísi;F
Carla;F
Carlos;M
Carlucio;M
Carmem;F
Carmen;F
Carolayne;F
Carolina;F
Caroline;F
Cássia;F
Cassiano;M
Cassio;M
CASSIO;M
Cássio;M
Catharina;F
Cathia;F
Cátia;F
Catiuscia;F
Cauã;M
Cauê;M
Cecília;F
Cecillia;F
Celi;F
Celia;F
Celio;M
Celly;F
Cesar;M
César;M
Charbel;M
Cheila;F
Chiara;F
Christian;M
Cimélio;M
Cintia;F
Ciro;M
Clara;F
Clares;M
Clarissa;F
Claudia;F
Cláudia;F
Claudiane;F
Claudivan;M
Cleitianne;F
Cleiton;M
Clélia;F
Cleófita;F
Cleonice;F
Cleyton;M
Clidia;F
Cochiran;M
Crésio;M
Cristhian;M
Cristhianne;M
Cristian;M
Cristiane;F
Cristiano;M
Cristina;F
Cynthia;F
Dáfne;F
Daiana;F
Daiane;F
Dalila;F
Damarys;F
Dâmarys;F
Damny;F
Daniel;M
Daniela;F
Daniele;F
Danieli;F
Daniell;F
Daniella;F
Danielle;F
Danielly;F
Danilo;M
Danúbia;F
Dany;F
Daphine;F
Daphiny;F
Darllyson;M
Davi;M
David;M
Davyston;M
Dayana;F
Daynah;F
Dayse;F
Debir;M
Debora;F
Débora;F
Deborah;F
Deibriane;F
Deise;F
Deisy;F
Delne;M
Denise;F
Denisse;F
Denizard;M
DÉRIK;M
Dhérllyson;M
Dhulya;F
Diana;F
Diane;F
Dianne;F
Diego;M
Diêgo;M
Dilson;M
Dimas;M
Diogo;M
Dionisio;M
Dirce;F
Douglas;M
Dourival;M
Edgar;M
Edilane;F
Ediléia;F
Edilson;M
Edineusa;F
Edmarcia;F
Edson;M
Eduarda;F
Eduardo;M
Edvaldo;M
Edvani;M
Elaine;F
Elayne;F
Elen;F
Eleonora;F
Eliana;F
Eliane;F
Elibio;M
Eliel;M
Eliene;F
Eliphas;M
Elis;F
Elisa;F
Elisete;F
Elizabeth;F
Elizandra;F
Ellen;F
Eloir;M
Elsa;F
Elton;M
Emanuel;M
Emanuela;F
Emanuella;F
Emanuelle;F
Emelly;F
Emerson;M
Emilly;F
Emily;F
Enatielly;F
Ennio;M
Enzo;M
Érica;F
Erick;M
Érico;M
Érika;F
Erivelton;M
Erna;F
Estela;F
Esther;F
Ethiane;F
Ethyellen;F
Eudenia;F
Eugenio;M
Eula;F
Euller;M
Euripedes;M
Eva;F
Evaldo;M
Evandro;M
Evelin;F
Evellyn;F
Everaldo;M
Everton;M
Evilyn;F
Fabiana;F
Fabiane;F
Fabielle;F
Fabio;M
Fábio;M
Fabíola;F
Fabiula;F
Fabricio;M
Fabrício;M
Fagner;M
Farid;M
Fatima;F
Faustino;M
Felipe;M
Fellipe;M
Fernanda;F
Fernando;M
Filipe;M
Flavia;F
Flávia;F
Flavio;M
Flora;F
Floriatan;M
Francesca;F
Francesco;M
Franciel;M
Franciele;F
Franciene;F
Francisca;F
Francisco;M
Franklin;M
Frederico;M
Gabriel;M
Gabriela;F
Gabriele;F
Gabrieli;F
Gabriella;F
Gabrielle;F
Gabryelle;F
Gael;M
Gaibel;M
Gaspar;M
Gáveni;M
Geovana;F
Geovanna;F
Geraldo;M
Germán;M
Germana;F
Gessenildo;M
Gianluca;M
Gibson;M
Gideão;M
Gilberto;M
Gildriane;F
Gilmário;M
Gilneia;F
Gilvanio;M
Giordano;M
Giovana;F
Giovanna;F
Giovanni;M
Gisele;F
Gisely;F
Giulia;F
Giuliana;F
Giuliano;M
Giulliene;F
Gizelda;F
Gizelio;M
Glácia;F
Gleiciane;F
Glenda;F
Gleydson;M
Graciélia;F
Graziela;F
Graziele;F
Gregório;M
Guacira;F
Guadalupe;F
Guarino;M
Guilherme;M
Gustavo;M
Habila;F
Hallana;F
Hamilton;M
Hannah;F
Haroldo;M
Hattos;M
Haylana;F
Heitor;M
Helen;F
Helena;F
Heleno;M
Hellen;F
Hellyda;F
Heloisa;F
Henara;F
Henédio;M
Henrico;M
Henrique;M
Herbert;M
Hermes;M
Hernandes;M
Heryk;M
Higor;M
Hugo;M
Humberto;M
Hyuan;M
Iago;M
Ian;M
Iana;F
Ianca;F
Iara;F
Iasmim;F
Iasminne;F
Ícaro;M
Ida;F
Idayana;F
Ifé;F
Ignacio;M
Igor;M
Ilca;F
Ilma;F
Ima;F
Inamara;F
Inara;F
Indra;F
Ingrid;F
Ione;F
Írys;F
Isaac;M
Isabel;F
Isabela;F
Isabele;F
Isabella;F
Isabelle;F
Isabelli;F
Isac;M
Isadora;F
Israela;F
Israella;F
Italo;M
Ítalo;M
Ítana;F
Iuri;M
Ivan;M
Ivandro;M
Ivaneide;F
Izabela;F
Izabella;F
Izabelle;F
Izabelly;F
Jabson;M
Jaciany;F
Jacob;M
Jacobus;M
Jader;M
Jailson;M
Jaime;M
Jainara;F
James;M
Janaina;F
Jaqueline;F
Jason;M
Javiera;F
Jean;M
Jeandria;F
Jeferson;M
Jefferson;M
Jéfyne;F
Jeisiane;F
Jeissica;F
Jenifer;F
Jeniffer;F
Jerson;M
Jessica;F
Jéssica;F
Jéssika;F
Jhonathan;M
Jhonatta;M
Jhonny;M
Jianne;F
Joana;F
Joanito;M
Joanna;F
Joao;M
João;M
Joel;M
Joelen;M
JOHANNES;M
John;M
Johnes;M
Johnny;M
Johnys;M
Joice;F
Jonas;M
Jonatan;M
Jonatas;M
Jordana;F
Jordanna;F
Jorge;M
Jose;M
José;M
Josefa;F
Joselaine;F
Josevane;F
Josiane;F
Josiara;F
Josué;M
Joyce;F
Juan;M
Juli;F
Julia;F
Júlia;F
Julian;M
Juliana;F
Juliane;F
Julianna;F
Juliano;M
Julie;F
Julio;M
Júlio;M
Júnio;M
Jussara;F
Kaique;M
Kaleb;M
Kalianna;F
Kamila;F
Kamilla;F
Kamilly;F
Karen;F
Karina;F
Karinne;F
Karla;F
Karolina;F
Kassia;F
Kássia;F
Katharine;F
Káthia;F
Katia;F
Kátia;F
Kauã;M
Kauan;M
Kauane;F
Kayla;F
Keila;F
Kellen;F
Kelli;F
Kelly;F
Kellyane;F
Kelvin;M
Kelvyn;M
Kemilly;F
Kenny;M
Ketlen;F
Ketolly;M
Kevin;M
Keyla;F
Kleber;M
Konstantin;M
Kristiane;F
Kyo;M
Lairyne;F
Lais;F
Laís;F
Laísa;F
Laiza;F
Lamartine;F
Lana;F
Lara;F
Larissa;F
Lauana;F
Lauane;F
Laura;F
Lauren;F
Lauri;F
Lauro;M
Layra;F
Laysla;F
Layzaa;F
Layzon;M
Leanderson;M
Leandro;M
Leidy;F
Lenon;M
Leonam;F
Leonardo;M
Leonir;M
Leonn;M
Leonor;F
Lethicia;F
Leticia;F
Letícia;F
Levi;M
Lia;F
Lialis;F
Liana;F
Libna;F
Lidia;F
Lídia;F
Lidiane;F
Lígia;F
Lilian;F
Liliane;F
Lillian;F
Lina;F
Lincon;M
Lisa;F
Livia;F
Lívia;F
Lorena;F
Lorenna;F
Lorenzo;M
Louise;F
Lourenço;M
Lua;F
Luã;F
Luan;M
Luana;F
Luane;F
Luanna;F
Lucas;M
Lucca;M
Luccas;M
Luciana;F
Luciano;M
Luciene;F
Ludmila;F
Ludmilla;F
Luigi;M
Luis;M
Luís;M
Luisa;F
Luísa;F
Luiz;M
Luiza;F
Luíza;F
Lukas;M
Lyzandra;F
Mabily;F
Madiel;M
Magali;F
Magaly;F
Magda;F
Magna;F
Mahmoud;M
Maiara;F
Maickel;M
Maike;F
Maikel;M
Mailson;M
Maíra;F
Maisa;F
Maísa;F
Maitê;F
Malena;F
Manoel;M
Manoela;F
Manoely;F
Manuela;F
Mara;F
Marcel;M
Marcela;F
Marcella;F
Marcelo;M
Marcia;F
Márcia;F
Marcio;M
Márcio;M
Marco;M
Marcos;M
Marcus;M
Marek;M
Maria;F
Mariah;F
Mariana;F
Mariane;F
Mariangela;F
Marilia;F
Marília;F
Marimelia;F
Marina;F
Marinês;F
Mario;M
Mário;M
Marize;F
Marlene;F
Marlon;M
Marluce;F
Marta;F
Marthin;M
Martim;M
Mateus;M
Matheus;M
Mauricio;M
Maurício;M
Maurílio;M
Mauro;M
Max;M
Mayana;F
Mayara;F
Maycon;M
Mayk;M
Maynara;F
Mayra;F
Maysa;F
Melissa;F
Menderson;M
Meriane;F
Michaela;F
Michel;M
Michele;F
Michelle;F
Miguel;M
Milena;F
Milleny;F
Milton;M
Mirella;F
Miriam;F
Mirian;F
Mírian;F
Mirilene;F
Mirlene;F
Moises;M
Moisés;M
Monica;F
Mônica;F
Morgana;F
Morgani;F
Muhammad;M
Muri;M
Murilo;M
Murugan;F
Mylena;F
Nadson;M
Naiara;F
Naiélly;F
Naiza;F
Narendra;F
Natali;F
Nátali;F
Natalia;F
Natália;F
Natalie;F
Natan;M
Natasha;F
Nathalia;F
Nathália;F
Nathalie;F
Nathaly;F
Nathane;F
Nathielly;F
Natsumi;F
Nayara;F
Nayna;F
Nayore;F
Nelson;M
Nelvictor;M
Nicholas;M
Nichollas;M
Nickole;F
Nicole;F
Nicolly;F
Nilcéia;F
Nilseia;F
Nina;F
Niro;M
Nycoli;F
Ocelia;F
Octavio;M
Olindo;M
Orlando;M
Oscar;M
Osmar;M
Osmara;F
Osvaldo;M
Otávio;M
Pablo;M
Paloma;F
Pâmela;F
Paolo;M
Patricia;F
Patrícia;F
Patrik;M
Paula;F
Paulo;M
Pedro;M
Philip;M
Pierre;M
Pietra;F
Pietro;M
Poli;F
Poliana;F
Pollyane;F
Pollyanne;F
Priscila;F
Queila;F
Rafa;M
Rafael;M
Rafaela;F
Rafaella;F
Rafaelle;F
Rahí;M
Raianne;F
Raimundo;M
Raíra;F
Raire;F
Raisa;F
Raissa;F
Ralyson;M
Ramiro;M
Ramon;M
Raphael;M
Raquel;F
Raul;M
Ravena;F
Ravi;M
Rayane;F
Rayanne;F
Raylan;M
Raylton;M
Rebeca;F
Rebeka;F
Reginaldo;M
Reinhardt;M
Rejane;F
Renally;F
Renan;M
Renata;F
Renato;M
Rene;M
Reynerth;M
Rhayan;M
Rhenara;F
Ricardo;M
Richard;M
Rinaldo;M
Roberta;F
Roberth;M
Roberto;M
Robson;M
Rocelly;F
Rochel;M
Rodinei;M
Rodolpho;M
Rodrigo;M
Rogério;M
Romero;M
Rommel;M
Rômulo;M
Ronald;M
Ronaldo;M
Roney;M
Roosevelt;M
Rosalina;F
Rosangela;F
Rosanna;F
Roseane;F
Roseli;F
Rosires;F
Roxiris;F
Ruan;M
Rúbia;F
Ruy;M
Sabrina;F
sabryna;F
Sabrynna;F
Sakaneno;M
Samantha;F
Sâmia;F
Samira;F
Samlai;M
Samuel;M
Sâmya;F
Sandra;F
Sara;F
Sarah;F
Sarita;F
Saul;M
Savanah;F
Sávyo;M
Scheila;F
Scheilla;F
Sebastiao;M
Sergio;M
Sérgio;M
Sharon;F
Shayene;F
Sheheryar;M
Sheila;F
Sheliran;F
Shuai;F
Silas;M
Silvia;F
Sílvia;F
Simon;M
Simone;F
Sofia;F
Sol;F
Sonia;F
Sophia;F
Sóstenes;M
Stefanne;F
Stefanny;F
Stefano;M
Stefany;F
Steffany;F
Stefhany;F
Stephan;M
Stephanie;F
Stephany;F
Steven;M
Sthephanie;F
Suelen;F
Suellen;F
Suzana;F
Suzany;F
Suzian;F
Syndel;F
Tainã;F
Tainan;F
Taís;F
Taiza;F
Takeshi;M
Talita;F
Tallyson;M
Talyta;F
Tamayo;M
Tamirez;F
Tania;F
Tarsiellem;F
Tatiana;F
Tatiane;F
Tatianne;F
Tátila;F
Tayanara;F
Tayná;F
Teogenes;M
Teresa;F
Thais;F
Thaís;F
Thales;M
Thalia;F
Thalita;F
Thallyson;M
Thalya;F
Tharciana;F
Thayane;F
Thayla;F
Thays;F
Theo;M
Thereza;F
Thiago;M
Thizzah;F
Thotmes;M
Thuanny;F
Thyago;M
Tiago;M
Tuíla;F
Túlio;M
Uécson;M
Uilton;M
Ulisses;M
Uri;M
Useche;M
Valcimar;M
Valdeir;M
Valder;M
Valderez;M
Valentine;F
Valéria;F
Valterney;M
Vandeclei;M
Vanderlan;M
Vanderlei;M
Vanderley;M
Vanessa;F
Vania;F
Vanrochris;M
Vera;F
Veracilda;F
Verônica;F
Victor;M
Víctor;M
Victória;F
Vinicius;M
Vinícius;M
Vinnie;M
Virgínia;F
Vitaliano;M
Vitor;M
Vítor;M
Vitoria;F
Vitória;F
Vittorio;M
Vivian;F
Viviane;F
Wagner;M
Walace;M
Walison;M
Walkyria;F
Wallyson;M
Walmar;M
Wandra;F
Waneicy;M
Welder;M
Wellinson;M
Welma;F
Wemilly;M
Wenddy;F
Wendew;M
Wesley;M
weslley;M
Weslley;M
Wesly;F
Wigis;F
Wilcilene;F
Wilian;M
Willame;F
William;M
Willian;M
Willy;M
Wilson;M
Wiviane;M
Ximena;F
Yan;M
Yana;F
Yara;F
Yasmim;F
Yasmin;F
Yasser;M
Yehudi;M
Ykaro;M
Yolanda;F
Yrlla;F
Yuri;M
Zack;M
Zizele;F
